MAE,MASE,RMSE
0.027494835036585497,0.6139181711393177,0.035521510188309485
0.024124269417665958,0.500597758653656,0.03432649913955487
0.027410302690637774,0.6359659818878499,0.038192087327104024
0.01994655559323913,0.5079767943229456,0.03145942482534923
0.017581855078753785,0.4903138362763687,0.026218292157942465
